client,premium,age
46346,False,58
4391,False,55
27372,False,64
11989,False,44
60664,False,49
78605,False,36
14477,False,34
77451,False,49
35036,False,48
11623,False,42
61559,False,59
32406,False,24
78648,False,44
62404,False,40
22421,False,25
92440,False,21
91584,False,31
76877,False,69
57853,False,53
68848,False,35
18212,False,38
60379,False,52
74867,True,27
49379,True,25
88203,True,35
49675,False,48
99585,False,50
49747,False,24
65413,False,44
32603,True,20
83175,False,24
82505,False,59
37237,False,63
28007,False,34
1626,False,39
21384,False,26
65866,False,37
624,False,62
30889,False,43
85803,False,46
67059,False,31
8975,False,46
48180,False,38
73760,False,37
52085,False,49
40821,False,46
64638,False,58
16710,False,41
36715,False,23
37684,False,23
67243,False,37
53182,True,24
98964,False,39
34547,False,28
59733,False,35
50131,True,42
40,False,52
23762,False,46
51091,False,39
11427,False,29
48056,False,68
90090,False,38
65481,False,46
18541,False,46
1813,True,27
43422,True,49
6222,False,44
21515,False,51
41722,True,52
41097,False,38
42778,False,30
55141,False,62
51831,False,49
21972,False,61
1676,False,38
39831,False,55
54119,False,51
47897,True,22
86561,False,41
22799,True,65
95908,False,61
85889,False,47
28942,False,36
89058,False,66
94508,False,27
51790,False,29
96199,False,64
77947,True,63
11950,False,24
83523,False,22
69826,False,25
14619,False,42
61892,False,20
45547,True,40
78300,True,50
92009,False,23
62867,False,69
25003,True,57
24075,False,43
3256,True,34
82574,False,32
12138,False,68
99079,False,61
54827,False,59
55147,False,37
68316,False,36
89079,False,60
26818,False,27
99533,False,45
64064,False,49
51691,False,38
32051,False,36
19130,True,61
47959,False,68
44970,False,49
87175,False,40
66491,True,51
42685,False,67
70681,False,57
50286,False,26
10001,False,49
17476,False,56
53166,True,29
75976,False,40
73387,False,68
23707,True,24
92226,False,46
65622,False,59
77634,False,59
19356,False,61
72057,True,29
56699,False,27
57161,False,20
74604,False,51
73462,False,29
6875,False,48
68001,False,67
84554,True,36
95489,True,54
82563,False,28
7401,False,33
28613,True,23
87341,False,43
5740,False,37
75762,True,40
1263,False,65
50003,True,62
18110,False,41
7148,False,35
10454,False,39
47385,False,21
36850,True,31
8071,False,28
405,False,37
22036,False,65
53337,False,37
67242,False,54
2932,False,28
80026,True,59
21337,False,60
61057,False,24
86496,True,51
76791,False,64
82038,False,63
63292,False,33
2633,False,65
63789,False,42
68000,False,55
66467,False,28
1406,False,33
75529,False,59
80263,False,25
98658,True,47
56176,False,24
47627,False,37
47454,False,66
69330,False,33
73249,True,62
8925,False,66
38626,False,27
52352,False,47
16730,False,69
8167,False,64
61677,False,55
23868,False,47
46374,True,55
24009,True,39
52216,False,25
90341,False,31
51006,False,56
29883,False,21
76172,False,68
36408,False,30
81092,False,31
37982,False,48
48333,False,63
24399,False,35
1975,False,45
77666,False,52
60719,False,51
20131,True,67
39050,False,43
37740,False,51
7809,False,27
67366,False,56
45089,False,62
5814,False,44
77837,False,51
23203,False,26
17403,False,48
60805,True,21
35319,False,60
68427,False,27
36780,False,33
39448,False,40
55355,False,56
48145,True,60
63931,False,39
73089,False,31
76810,False,40
14657,False,55
24498,False,54
50789,False,52
51634,False,29
93798,False,47
6246,True,49
5284,False,60
42930,False,53
26410,True,25
19642,False,54
75477,False,22
44535,False,50
91784,False,28
82834,False,57
55030,False,37
6668,False,33
48838,False,30
86663,False,59
52935,False,59
17287,False,60
92584,False,28
87779,False,68
99754,False,30
19230,False,20
67476,False,61
61529,True,36
96952,False,39
19985,False,30
94161,False,67
9935,False,37
73856,False,43
2703,False,45
49692,False,64
13382,True,69
30335,False,51
13823,False,34
15130,False,56
61575,False,33
48016,False,38
92625,False,40
86174,False,67
50963,False,29
88238,False,66
69654,False,60
1136,False,64
42543,False,53
26079,False,66
56151,True,47
4610,False,35
12117,True,37
19569,False,34
43250,False,66
13119,False,25
80260,False,39
79199,False,56
29493,False,27
39534,False,65
19898,False,66
30522,False,47
17163,True,58
10196,False,45
83678,False,29
6534,False,27
55673,False,49
88987,False,29
35709,False,68
69578,False,62
65212,True,30
75350,False,56
65136,True,54
79983,False,23
87375,False,40
90739,False,51
57273,False,21
85045,False,41
7744,False,57
66723,True,66
89605,False,26
45204,False,29
12502,False,66
61468,False,25
41901,False,38
81490,False,44
58549,False,37
53401,False,21
98419,False,29
63374,True,67
49989,False,58
36194,False,64
85318,False,30
72391,False,34
61007,False,21
14634,True,56
85606,False,34
1534,True,38
64775,False,49
17861,False,22
99903,True,50
74281,False,57
38742,False,28
29692,False,25
89790,False,61
72573,False,37
50566,False,44
85903,False,69
72303,False,28
87243,False,23
98467,False,47
44413,True,25
66266,False,37
40501,False,32
54614,False,28
21756,False,58
3058,False,48
70665,False,39
17530,False,68
70849,False,30
60201,False,34
93883,False,54
35406,True,69
51018,True,57
86977,False,50
68546,False,33
17279,False,39
43594,False,21
8804,True,55
82480,False,36
65701,False,65
11983,True,68
65322,True,29
56818,False,47
72463,False,60
69854,False,61
18199,False,49
91201,False,23
78455,True,23
33399,False,66
5820,False,38
30006,False,21
28659,True,23
4589,False,53
52846,False,36
15788,False,28
92562,True,46
43015,False,28
56548,False,36
56161,False,63
26521,False,24
99908,False,50
28240,False,36
47311,False,46
21109,False,47
80520,False,58
31442,True,21
5424,False,27
73786,False,37
15320,True,59
55851,False,52
46989,False,39
13568,False,30
57588,False,25
85964,False,52
56752,True,34
58171,False,25
45135,True,59
82678,False,56
87490,False,21
43914,False,35
90531,False,42
18680,False,68
59851,False,54
97879,False,29
44829,False,36
45561,False,26
96551,False,47
76611,False,65
32738,False,41
63168,False,39
57240,False,27
92320,False,30
56033,False,50
44972,False,31
38860,False,47
53377,False,25
2461,True,53
64918,False,68
3816,False,55
2249,True,52
84681,False,29
89655,False,65
67322,False,44
35607,False,47
84488,False,45
12334,False,38
87932,False,47
55917,True,25
14521,False,54
69490,False,63
39395,False,53
65748,False,31
89953,False,59
94585,False,45
31634,False,40
84576,True,25
60270,False,62
82577,True,65
64245,False,50
94658,False,65
78526,False,46
99351,False,69
29343,False,46
28750,True,44
79050,False,66
34841,False,61
8400,False,33
46941,False,30
25932,False,39
81973,True,35
22956,False,43
3178,False,23
55021,False,49
20994,False,44
52702,False,44
83180,False,21
25467,False,49
14548,False,57
51898,False,30
278,False,39
17301,False,68
12883,False,63
76192,False,28
26803,False,62
99711,False,32
58132,False,46
64990,False,27
72122,False,53
7246,False,48
6888,False,60
47034,False,49
32952,True,44
97753,True,47
87960,False,41
73175,False,29
88586,False,50
85642,True,63
77667,False,30
8910,False,43
57976,False,69
27978,False,29
59441,True,60
99263,False,23
42627,False,63
7089,False,69
19079,False,26
95658,False,36
46444,True,55
75822,False,20
20640,False,46
94494,False,59
34352,True,53
31248,False,20
4179,False,36
90407,False,59
13927,False,68
57494,False,68
33816,True,22
45197,False,30
27830,False,31
78256,True,21
17239,False,27
9295,True,39
76045,False,42
58782,False,32
23275,False,45
9314,False,37
3885,False,69
58419,False,31
10469,False,68
43516,True,64
16341,False,20
53015,False,68
40838,True,20
65376,False,55
38652,False,52
4458,False,44
24052,False,62
32879,True,64
14205,False,69
24272,False,28
3402,False,46
53792,False,39
7105,False,52
22817,False,46
132,False,56
10043,False,27
78127,False,66
26618,False,64
67510,False,26
44243,True,42
340,True,49
16864,False,26
83134,False,60
99952,False,61
5142,False,69
55634,False,24
74430,False,42
75007,False,38
4318,True,45
89924,False,22
30299,True,64
24835,False,21
14813,True,41
62971,False,23
44271,True,60
21554,True,60
23570,True,35
10188,False,42
81156,False,30
40921,False,45
46513,True,35
57939,False,37
39986,False,66
99973,False,31
81018,False,47
38550,False,65
19768,False,32
71572,False,25
2616,False,30
74286,False,68
9375,False,46
73470,False,51
20763,False,62
22854,False,66
32082,False,53
17508,False,58
85557,False,55
42688,False,23
16357,False,36
36072,False,41
51542,False,54
29109,False,36
88864,False,32
24759,False,50
72908,True,66
58572,False,53
48766,True,33
52129,False,34
97021,False,36
79085,False,27
3610,True,29
51331,True,67
31985,False,60
33980,False,54
73060,False,58
39561,False,20
68375,False,34
63798,False,52
59001,False,44
20008,False,45
9133,False,33
22011,False,21
94858,False,54
72219,False,24
99567,False,56
73522,False,44
27076,False,37
23364,False,63
44637,False,38
86532,False,52
30405,False,25
84000,False,60
55401,False,50
42638,False,48
21153,False,55
76732,False,22
18715,False,53
13905,False,49
13723,False,45
11305,True,52
77164,False,67
42122,False,43
34968,False,51
46780,True,64
10603,False,41
11033,False,47
94285,False,60
23811,False,41
88016,False,51
813,False,66
76267,False,46
44741,False,49
1269,False,49
99637,False,44
69925,False,65
5795,False,35
14727,False,54
96705,False,48
97613,False,65
35672,False,21
46716,False,39
62323,False,35
24483,False,32
54561,False,53
79320,False,33
32517,False,62
82703,False,26
98854,False,41
16614,False,24
82242,False,35
79806,False,41
81337,False,66
8901,False,57
99383,False,45
43939,True,52
40727,False,43
66413,False,67
12327,False,60
70398,False,68
95653,False,21
68688,False,47
12438,True,53
68651,False,32
54186,False,59
65157,True,25
99464,False,66
44458,False,66
15084,False,54
42963,False,68
6999,False,23
58082,True,67
1187,False,37
20983,False,42
62368,False,48
83581,True,56
45765,False,31
28142,True,30
29362,True,32
53583,False,34
40128,True,28
82088,True,61
76584,False,40
63793,False,47
34642,False,34
61297,False,28
31422,False,29
36844,False,58
13117,False,60
35037,False,24
7656,False,42
79964,True,22
13743,True,34
49122,False,32
52849,False,35
35604,True,65
58085,False,38
19351,False,35
48645,False,31
32801,True,60
69031,False,31
39447,False,35
28719,False,52
30805,True,61
30569,False,66
5480,False,52
56402,False,41
45902,False,25
11031,False,66
72107,False,62
71443,False,30
96142,False,25
97053,False,21
99114,False,41
84616,False,60
67588,False,68
29978,False,30
60845,False,33
25669,False,32
16422,True,26
50133,False,44
78843,False,50
40480,False,31
49598,True,44
23872,False,56
89578,False,44
89760,False,33
1641,False,55
27022,False,68
52559,False,34
75003,True,20
14965,False,50
83496,False,45
46366,False,48
37284,False,43
99631,False,50
12358,True,25
20278,True,65
55471,False,63
49479,False,27
4563,False,46
49341,False,21
44856,False,44
44080,False,46
55197,False,29
18129,False,40
41780,False,59
22368,False,23
30710,False,60
40903,False,30
36837,False,27
4605,False,66
84854,False,67
82361,True,38
8648,False,42
63415,True,54
45451,False,61
85711,False,50
74460,False,65
44276,False,31
94260,False,31
86650,False,35
17737,False,44
22225,False,42
69413,False,65
24725,False,33
38218,False,21
51159,False,55
78545,False,65
58394,False,66
35472,False,43
17182,False,43
40416,False,48
77390,False,47
6348,False,61
90529,False,59
72479,False,67
33530,False,28
36874,False,61
91748,False,61
76457,False,35
77418,True,20
54720,False,25
2285,False,50
67372,False,61
46102,False,32
44359,False,50
19657,False,39
55612,False,32
98336,False,46
76317,False,69
84129,False,49
37200,True,64
79847,True,54
95799,True,59
4721,False,68
67595,False,34
7208,False,28
97975,False,27
91255,False,49
15067,False,24
71269,False,21
52931,False,54
33289,False,42
90402,False,51
71487,False,67
28675,False,32
68822,False,48
27696,False,66
50016,False,33
58478,False,39
93023,False,61
67799,True,37
84847,False,45
16248,False,52
9169,False,48
17525,False,29
25656,False,48
55714,False,38
66526,True,67
50361,False,54
19714,False,55
56470,False,51
25231,False,22
24520,False,47
76213,False,28
38960,False,52
39022,False,66
85571,False,67
43399,False,37
65541,True,61
56131,True,27
10199,False,50
14939,False,27
50139,False,54
24394,False,27
74808,False,55
52343,False,62
38336,False,38
59293,False,34
77792,False,44
35306,False,50
3456,False,63
50560,False,41
42531,False,31
28215,False,44
77277,False,36
55694,False,21
11889,True,57
34798,False,22
61492,False,38
83205,True,61
81250,False,28
2819,False,37
14003,True,27
81328,False,24
24435,False,42
71110,True,21
77368,False,36
64578,False,37
85781,False,48
3824,False,62
49754,False,44
83094,False,33
4894,False,43
8579,False,33
30298,False,23
39265,False,45
77870,False,33
62926,False,63
62833,False,36
31679,True,45
19024,False,67
95609,True,69
17385,False,23
11972,True,60
10366,False,20
56435,False,22
40488,False,51
70559,False,26
50287,False,56
16238,False,25
82789,False,48
15957,False,21
43871,False,45
96751,False,42
33501,True,43
17989,False,44
46065,False,43
92287,False,38
76880,False,55
51600,True,48
43471,False,62
66245,False,69
50065,False,66
25893,False,36
7325,False,34
70610,False,41
76032,True,64
40868,False,20
59212,False,68
59605,False,48
54836,True,27
27715,False,41
82720,True,38
58688,False,65
7305,False,61
73160,False,45
35574,True,50
22029,False,41
76465,False,48
21240,False,27
96162,False,68
42865,False,66
54829,False,51
29160,False,39
63202,False,21
18953,False,38
40006,False,29
18511,False,58
80797,True,45
32075,False,26
29524,False,22
71449,False,56
90304,False,45
48042,False,36
95506,True,35
18746,False,20
24327,True,29
31420,False,37
94457,False,58
24965,False,62
18012,False,47
32388,False,46
96863,False,20
69655,False,59
97020,False,42
6371,False,33
56487,False,28
55729,False,50
70698,False,25
36929,False,34
27502,False,36
42459,False,45
91000,False,53
65810,False,27
17355,False,43
68634,False,55
35107,False,43
25164,False,64
15132,True,68
23156,False,36
92736,False,67
76862,False,58
85262,False,26
23579,True,65
57287,False,41
94183,False,45
13204,True,59
22469,False,58
56348,False,63
59924,False,49
43351,False,31
79376,False,66
9452,False,24
18942,False,43
24937,False,62
63070,False,67
51567,False,44
4951,True,35
9762,False,30
11727,False,21
93663,False,57
52704,True,48
54781,False,63
42550,False,31
13118,False,24
28502,False,66
21257,False,58
60206,False,54
93686,False,44
26391,False,67
21374,False,47
54331,False,38
77835,False,44
77683,True,24
28922,False,39
65469,False,48
49732,True,27
40599,False,25
19162,False,48
59949,False,29
2480,False,26
99538,False,30
60477,False,51
53025,False,59
20366,False,20
16402,False,33
96097,False,37
8836,False,58
83270,False,36
91129,False,52
33437,False,53
18554,False,52
45391,False,65
56321,False,56
99116,False,55
53783,False,67
12738,False,23
45689,False,61
8228,False,44
18698,False,29
56411,False,28
64321,False,51
69682,False,53
13210,False,44
46341,False,30
94875,False,64
58300,False,27
55247,False,26
5192,False,61
85993,False,36
42248,False,61
90073,True,40
94396,False,36
24169,False,34
66487,False,42
77863,False,36
30343,False,68
22262,False,41
80119,False,31
47209,False,28
77590,False,28
76849,False,29
20201,False,33
76960,False,43
75681,False,22
12861,True,30
63075,False,25
87218,False,33
39975,False,69
97728,True,49
64560,False,65
43134,False,51
42028,True,68
15771,False,37
15358,False,39
91179,False,34
43417,False,46
46900,False,21
40664,False,59
77443,False,20
91263,False,61
15640,False,60
99308,True,38
77078,False,34
72307,False,48
51723,False,47
88371,False,24
56522,False,56
86028,False,27
32534,False,67
6638,False,48
66642,False,54
52733,False,26
34893,False,22
32997,False,29
34544,False,62
2898,False,28
71575,False,27
51921,False,65
95690,False,67
49101,False,51
65870,False,20
56878,False,61
64354,False,51
57237,False,20
91834,False,67
92818,True,42
67511,False,46
84707,False,43
8417,True,40
97697,False,40
69580,False,61
83400,False,53
75290,False,33
39424,False,39
8390,False,37
13978,False,54
70073,False,29
88192,False,36
49809,False,42
65872,False,65
4752,False,65
21518,False,21
11741,False,57
65140,False,26
52039,True,25
47724,False,46
52561,False,40
74971,False,29
59679,False,64
10931,False,28
78368,True,52
98328,False,38
80014,False,32
18054,False,44
31170,False,60
89548,False,27
48486,False,36
77203,False,42
2437,False,68
78890,False,48
78420,False,44
61422,False,67
17433,False,64
46494,False,42
86683,False,36
40172,False,61
19147,False,67
75925,False,40
93566,False,36
86731,False,34
98623,False,57
93712,False,57
55750,False,49
39886,False,49
30571,False,44
60365,False,43
62610,False,60
66301,False,40
91662,False,63
48696,False,65
22791,False,64
13295,False,25
7889,True,66
9175,False,40
61972,False,57
9468,False,22
81,False,68
94018,False,36
61305,False,62
88830,False,60
80287,False,31
6894,True,58
77581,False,42
61358,False,64
85749,False,35
88739,False,61
46918,False,44
12342,False,54
99927,False,51
7474,False,26
3600,False,21
5140,False,36
26690,False,65
99636,False,44
42003,True,60
66813,False,64
85752,False,51
14462,False,58
27712,False,27
1789,False,35
29580,False,46
4987,False,43
11840,False,57
7287,True,38
60195,False,21
21489,True,40
69976,True,67
94374,False,43
35988,False,40
56889,False,35
17199,False,44
84697,False,56
47610,True,65
76660,False,24
42395,False,64
97164,False,61
36938,False,43
9713,True,32
13605,False,57
86020,False,45
67030,False,46
30670,True,29
70028,True,29
98798,False,43
58487,False,35
88643,False,27
17713,False,50
83743,False,28
95272,False,39
24964,True,59
68277,False,31
63723,False,54
84055,False,61
75103,False,69
88912,False,46
81031,False,45
96074,False,49
34554,True,68
70935,False,32
62891,False,68
37068,False,40
95971,False,36
4440,False,56
89368,True,43
9648,False,44
88547,False,22
82999,False,45
54964,False,47
19881,False,67
56804,False,60
62667,False,67
19643,False,47
59466,False,31
73996,False,45
9834,True,36
30331,False,25
89462,False,32
67926,False,23
59961,False,22
60403,False,39
45077,False,41
48707,True,64
21557,False,47
23219,False,22
98992,False,33
41794,False,52
9814,True,47
27285,True,49
38004,False,43
88984,False,37
84449,False,61
86263,False,26
65332,False,39
25040,False,49
85108,False,46
7211,False,56
27362,False,42
80366,True,38
56764,False,41
72678,True,69
69927,False,51
45093,False,47
86438,False,47
8992,False,66
55438,False,40
23679,False,41
34391,False,38
4998,False,22
513,False,55
70733,False,44
55746,False,23
30692,False,32
2946,False,33
70260,True,36
91152,True,45
83577,False,25
64841,False,30
65143,False,27
964,False,55
496,False,52
53131,False,38
56838,True,49
71842,True,54
8428,False,41
99926,True,46
89112,False,66
43942,False,46
67745,False,33
23598,False,44
71432,False,43
47132,False,22
50676,False,24
68105,False,57
78057,False,46
9723,False,49
71116,False,59
96064,True,67
67921,False,44
72036,False,63
8661,True,36
41719,False,25
24071,False,38
76869,False,25
34850,False,63
83413,False,52
66648,False,36
36570,False,45
62435,False,47
64633,False,21
76242,False,62
19727,False,64
16535,False,26
94560,False,45
4608,False,55
73877,False,68
94576,False,65
21459,False,51
76762,False,57
79960,True,33
42713,False,24
37334,False,37
68873,True,29
79645,False,35
92218,False,37
25705,True,67
9575,False,43
2771,True,62
46013,False,52
61079,False,50
75504,False,27
97902,False,58
33831,True,67
86286,False,43
55541,False,36
8279,False,32
48918,False,69
44194,False,61
49994,False,47
98305,False,21
53573,False,30
59914,False,58
78159,False,36
57955,False,40
51459,False,26
51286,False,65
76202,False,36
45422,False,30
93596,False,20
61610,False,21
24151,True,40
67174,False,42
96986,False,52
18030,False,38
86603,False,34
76519,False,33
14531,False,21
18033,False,60
84109,True,25
61473,False,69
98945,False,44
8897,False,62
92124,True,57
64614,False,43
68297,False,25
24165,False,45
61850,False,57
43790,False,59
80834,True,34
59211,False,50
45385,False,56
19904,False,26
56850,False,34
55610,False,36
492,False,54
88996,False,27
82828,False,55
38546,False,35
43331,False,56
24839,False,53
83130,False,62
18424,False,22
91944,False,20
33628,False,24
20708,False,21
97067,False,45
55478,False,26
87112,False,43
61465,False,54
65022,False,20
11500,False,43
17602,False,48
5473,True,30
34630,False,44
37054,False,59
38544,False,39
97385,False,42
77064,False,23
56153,False,49
57378,False,40
80668,False,40
20739,False,42
49993,False,33
74514,False,52
94383,True,22
83671,False,20
164,False,37
29799,False,35
27435,False,54
97489,False,69
43721,False,62
47683,False,24
90782,False,47
6886,False,56
85971,False,30
83888,False,64
8016,False,60
97593,False,24
74060,False,61
93172,False,58
70092,False,42
51647,False,34
97999,False,56
60779,False,37
56520,False,47
30379,False,40
80149,True,50
90630,False,55
50266,False,49
88071,False,46
38701,False,31
76047,False,38
75728,False,23
2767,True,41
17904,False,46
73176,False,67
84377,False,42
14894,False,30
6098,False,53
24733,False,20
65932,False,50
31023,False,69
69251,False,68
17509,False,36
45351,False,66
71545,True,56
13784,False,22
35971,False,46
66317,False,55
96330,False,35
21780,False,50
37699,False,20
38999,True,32
33094,False,63
61337,False,52
27995,False,46
66307,False,66
77639,True,21
43024,False,43
24829,False,22
8438,False,41
21891,False,30
732,False,33
26178,False,52
64297,False,49
20532,True,27
78349,False,68
14712,False,58
34928,False,22
54337,False,58
59666,False,26
17750,False,49
11496,True,43
87248,False,29
40396,False,38
80920,False,53
54669,False,39
2180,False,69
91071,False,48
77281,True,61
19649,False,40
96360,False,25
64214,False,49
95571,False,60
48070,False,68
5956,False,62
90521,False,56
71568,False,44
52153,True,64
25717,False,26
10598,False,28
36486,False,36
88334,False,48
61332,False,55
48495,False,27
83524,False,31
92950,True,53
37246,True,38
4293,False,29
48885,False,35
26393,False,30
70474,False,24
36465,False,68
96987,False,58
72360,False,29
26791,False,25
24870,False,26
60091,False,34
66744,False,52
57389,False,32
2204,True,25
79941,False,41
35683,False,54
34991,False,63
57327,False,58
65128,False,64
13105,False,49
92908,False,56
94740,False,63
45913,False,55
81753,False,59
48543,False,22
2851,True,49
2132,False,25
17367,True,20
90648,True,31
68534,True,28
21941,False,45
99212,True,36
28310,False,22
36864,True,27
55764,False,57
68474,False,66
39375,False,53
11382,False,25
3840,False,31
66719,False,25
6416,False,55
36915,False,27
55115,False,60
86598,False,23
80551,False,69
99301,False,31
67397,False,50
93215,False,34
2886,True,54
316,True,36
91799,False,48
32439,False,20
97109,True,34
82011,False,53
82934,True,67
2310,False,33
83856,True,23
82745,False,52
88305,False,40
67189,False,39
31047,False,31
9265,True,24
58269,False,27
62734,False,55
60583,True,66
55888,False,64
8116,False,55
66285,False,38
95095,False,42
66757,True,61
75411,False,42
58122,False,53
87531,True,43
72195,False,63
66899,False,69
89636,False,27
43029,False,22
71119,False,23
13807,False,33
69159,False,52
96108,False,44
43585,False,52
87715,True,41
44797,False,30
78879,False,45
77351,False,51
43100,False,68
71764,False,48
88902,False,23
26511,False,45
47703,False,45
49625,True,65
60418,False,66
14097,False,41
16492,False,27
32072,False,54
75233,True,25
31282,False,58
35687,True,47
31691,False,24
67260,False,41
33150,False,57
32950,False,65
62337,False,20
93940,False,65
79598,False,22
53247,False,49
83849,False,52
80339,False,51
1308,False,60
24781,False,55
36342,False,44
46402,False,47
45174,False,68
77857,False,41
88294,False,44
14903,False,50
10775,False,35
12969,False,63
74240,False,46
78793,False,20
2107,False,42
35202,False,27
34656,False,65
55730,True,57
83976,False,66
76538,False,49
9908,True,33
32015,True,40
69100,False,58
53022,False,69
42271,False,40
63401,False,67
88961,False,25
99056,False,44
52066,False,32
5092,False,62
72136,False,69
32877,False,38
12596,False,57
94353,False,33
13952,False,20
2839,True,68
43492,False,64
95954,False,52
328,False,27
10691,False,47
65926,False,45
25443,False,67
98855,True,52
93437,False,40
51422,False,62
80619,False,58
60513,True,27
96314,False,67
99868,False,39
54972,False,33
42693,False,57
48925,False,33
66661,False,25
50854,False,52
59025,False,26
19285,False,68
38512,False,65
47159,False,35
91852,True,29
2011,False,65
35334,False,65
32488,False,40
66809,False,63
73953,False,39
84238,False,37
42383,False,44
87621,False,57
81791,True,50
33250,False,52
42675,False,35
38686,False,46
97938,False,24
18261,False,56
97983,False,45
66590,False,31
25969,False,53
60002,False,34
48072,False,32
33199,False,48
61133,False,51
74982,False,58
88665,False,64
58979,True,53
18220,False,62
86052,False,59
65936,False,36
8008,False,46
72213,False,61
3883,False,29
65644,False,26
17342,True,49
38539,True,56
28652,True,51
46652,False,60
42195,False,32
7969,False,44
2724,False,47
57265,False,46
48371,True,54
60334,False,31
98717,False,23
71154,False,52
10446,False,54
80602,False,28
9843,False,34
75991,False,45
11908,False,44
52616,True,45
47504,False,69
38359,True,54
96951,True,56
38545,False,38
71772,False,43
24577,False,57
80874,False,50
11635,True,37
27672,False,25
76435,True,58
36674,False,44
35464,False,27
8176,True,30
86887,False,68
9464,True,41
55707,False,48
34121,True,42
94102,False,28
31869,True,25
76526,False,52
95325,False,42
33239,False,48
43641,False,37
87999,False,43
3300,False,50
51667,False,54
81205,False,68
12852,False,20
97129,False,45
56930,False,41
93956,False,68
52547,False,40
86431,False,67
16192,False,61
48047,True,37
42970,True,38
36165,False,65
90588,False,20
64496,False,66
19157,False,35
86624,False,59
78611,False,29
88754,False,59
51572,False,53
76128,False,26
17127,True,51
91952,False,65
29747,False,32
96718,False,27
80461,False,69
92743,False,22
49540,False,67
35162,False,52
11245,False,49
87957,False,23
86251,False,25
43727,False,48
42023,False,37
68721,False,23
88537,False,54
17083,True,50
68424,True,62
73736,False,25
29338,False,27
37802,False,63
73225,False,50
84679,False,41
77172,False,69
34588,True,43
59722,False,49
52583,False,56
32602,False,64
27390,False,52
66292,False,30
53978,True,46
42010,False,38
1569,False,24
14763,False,58
20770,False,31
84581,True,52
30296,True,23
50833,True,31
73809,False,26
91375,False,62
59923,True,64
40631,True,65
74546,False,26
3354,False,61
92867,False,48
67106,False,35
8340,False,32
15435,False,59
79813,False,69
47193,False,39
60916,True,47
13132,False,66
96738,False,65
88431,False,49
82695,False,50
6868,False,46
42296,False,55
31273,False,58
91495,False,37
82244,False,31
19378,False,40
61745,True,35
32091,False,32
85420,False,44
95930,False,50
1202,False,57
1374,True,54
92702,False,47
65405,False,59
58098,False,43
73727,False,61
83710,False,39
26321,False,43
18599,False,21
25992,False,58
89280,False,46
37843,False,39
46784,True,57
4097,False,64
21745,False,64
13109,True,32
32341,True,33
63711,True,37
28349,False,32
77009,False,37
65445,False,31
74350,False,55
11004,False,53
56469,False,44
93412,False,47
68192,False,32
83516,False,60
23378,False,68
47255,False,25
33625,True,65
40629,True,36
70210,False,50
25801,False,62
49259,False,32
12267,False,28
33078,False,34
29495,False,47
62966,False,20
23521,False,58
45116,False,52
38619,False,43
95852,False,38
23650,False,39
8361,False,28
87228,False,30
47606,False,43
89869,False,58
45742,False,51
27942,False,61
31843,False,55
23554,True,36
45720,False,33
26744,False,26
22273,False,69
64899,False,59
2727,False,44
1609,False,28
22611,False,54
78621,False,40
96650,False,63
58931,False,64
48703,False,27
92503,False,46
65749,False,22
92167,False,49
12806,False,59
3016,False,41
50623,False,37
10669,False,25
38907,False,26
77957,True,42
96057,False,49
29671,False,35
83826,True,61
67314,True,54
87419,False,25
47372,False,33
89513,False,27
83682,False,42
67996,False,59
55369,False,46
33477,False,44
1050,False,65
5435,False,68
74788,False,42
46538,False,47
29361,False,48
9990,False,56
20009,False,64
14860,False,33
99049,False,40
53201,True,44
13650,False,56
45064,False,35
44868,True,32
10573,False,33
27755,False,43
37583,False,68
37097,False,43
74523,False,38
98846,False,29
96557,False,26
23797,False,39
53718,False,20
88279,False,49
47938,False,68
53619,False,41
29142,False,35
68376,False,69
25768,False,46
81904,True,40
77441,False,64
64097,False,55
88764,False,38
89626,False,67
87937,False,62
24172,False,21
28377,False,47
38762,False,29
77726,False,61
92620,False,66
69096,False,54
89596,False,60
30389,False,30
97515,False,62
55347,False,51
58631,False,67
12773,False,53
92165,False,63
66672,False,27
52210,False,58
58810,False,33
91132,False,28
68628,False,49
35437,False,58
85502,True,58
65261,False,35
9936,False,54
38278,False,61
99498,False,57
59957,False,58
76883,False,62
28008,False,32
50932,False,44
8451,False,24
19017,False,45
98442,False,42
29723,False,50
56305,False,63
78899,False,43
40087,False,54
25634,False,61
42215,False,46
93747,False,20
92365,True,23
45438,False,49
35433,False,33
22110,False,29
41582,False,54
2812,False,36
70178,True,35
13460,False,58
7261,False,57
89971,False,59
94791,False,34
83494,False,30
62702,False,64
75713,False,43
6684,False,25
72266,False,48
52393,False,39
55772,True,57
1992,False,44
54607,False,34
28018,False,27
81491,False,56
30612,True,32
50841,False,25
6840,False,35
61830,False,28
97607,False,22
60874,False,53
93891,False,20
9886,False,40
19360,False,21
79845,False,31
78042,False,24
96334,False,42
16189,False,35
26342,False,53
99131,True,52
98954,False,33
1304,False,37
4431,False,52
97285,False,55
70718,False,57
71533,True,59
6249,False,27
58199,False,67
71909,False,22
10495,False,51
10388,True,51
23546,False,27
21156,True,37
37882,False,41
91258,False,49
51419,True,59
5648,False,48
20517,False,60
48168,False,46
93768,False,22
84171,True,36
35861,False,54
36596,False,49
60330,True,64
90501,False,25
34640,False,43
69997,False,58
20375,False,59
46074,False,51
34035,False,22
11796,False,21
24608,False,54
6625,False,50
58407,False,35
20484,False,41
12722,False,39
64110,False,49
49755,False,47
3569,False,49
71206,False,26
36176,False,65
39112,False,61
78733,False,30
97945,False,53
77934,False,37
30724,False,23
72053,False,20
97486,False,24
71540,False,61
72217,False,24
74751,False,21
2847,False,57
44122,False,68
6918,False,49
1597,False,56
5758,False,26
31515,False,51
43765,False,61
82800,False,68
63271,True,69
68825,False,50
43396,False,68
23616,False,61
32084,True,21
94681,False,66
97893,True,37
72523,True,64
68450,False,43
72197,False,56
48712,False,42
56907,False,67
53737,True,64
29470,False,45
97247,False,37
40954,False,54
15453,False,26
85769,False,46
41928,False,46
31025,False,28
7352,False,28
63652,False,32
8639,False,28
57612,False,22
97810,False,48
99413,False,25
28166,False,24
85418,False,54
6237,False,41
1184,False,36
32607,False,65
89631,False,54
29925,False,53
3936,False,61
84672,False,21
67120,False,21
90613,False,62
4941,False,62
18395,False,56
58242,False,48
65353,False,68
58599,False,47
23053,False,28
8128,False,25
59879,False,30
32392,False,52
30434,False,60
89716,False,33
47638,False,34
1782,False,65
88829,False,52
36262,False,29
5829,False,54
39750,False,23
26898,False,47
36632,False,52
28870,False,69
40011,False,35
24494,False,66
56090,False,26
13846,False,60
59357,False,54
16485,False,63
23270,False,44
84348,False,35
19890,False,64
45268,False,23
16661,False,23
53347,False,55
5935,False,35
20168,False,48
59331,False,45
31526,True,61
2758,False,69
88795,False,62
34471,False,20
74075,False,25
82544,False,51
38077,False,52
38088,True,31
5787,False,51
30440,False,22
89183,False,65
19242,False,62
57971,False,20
54571,False,41
11509,False,47
32522,False,38
8136,True,41
95121,False,43
13885,False,42
52005,False,24
95409,False,43
26082,False,36
83906,False,46
40208,True,33
14493,False,39
4399,False,25
95660,False,55
83781,False,62
74488,False,52
74758,False,50
25450,True,50
80593,False,21
53155,False,51
25200,True,21
87942,False,22
96895,False,56
96848,False,62
6862,False,45
81773,False,42
33548,False,53
14065,False,63
48266,True,27
52534,False,64
15448,False,62
81308,False,33
57674,False,49
64965,True,28
62431,False,53
17012,False,25
17492,False,50
55047,False,32
38873,False,33
2036,False,39
82259,False,39
95975,False,40
17521,False,65
44978,False,61
93357,False,38
10322,False,22
59235,False,38
78083,False,61
17265,False,51
72381,False,24
11810,False,57
73904,False,58
32897,False,31
68986,False,62
86574,False,20
8475,False,52
28000,False,67
71980,False,59
51614,False,57
29145,False,29
2239,False,27
47105,False,65
24338,False,20
11731,True,37
51297,False,68
99864,False,26
87576,False,48
16237,False,63
94418,False,57
32904,True,68
37194,False,31
15767,False,25
44706,False,37
96495,True,28
17317,True,58
29888,False,33
17146,False,34
66064,False,58
31272,False,42
14101,False,26
47347,False,28
20226,False,32
1179,False,68
96421,False,49
57026,True,62
11645,False,32
36805,True,43
70943,False,25
20287,False,34
4750,True,29
32366,False,48
24501,False,23
48092,False,40
18176,False,46
74502,False,69
47142,True,22
65814,False,52
25599,False,25
87009,False,48
75613,False,45
83937,False,21
69555,False,28
3093,False,39
35823,False,48
44102,False,46
62143,False,43
96466,False,42
70111,False,46
20998,False,43
17388,False,31
74013,True,20
89062,False,60
93138,False,42
57964,False,65
69876,False,47
64174,False,32
47421,True,59
78694,False,35
48909,False,59
80257,False,39
12481,False,45
16498,True,25
71087,False,36
36011,False,47
61893,False,69
75423,False,26
64655,False,38
87548,False,56
10839,False,41
60511,False,62
61466,False,34
86218,False,56
72542,False,53
35789,False,51
26455,False,33
54853,False,48
77788,True,43
28798,False,20
3951,False,27
14218,False,27
64016,False,35
79061,False,39
10567,False,28
46333,False,41
84560,False,51
64856,False,68
79646,False,41
59369,False,54
58970,False,52
84425,True,28
60676,False,41
30184,False,52
95822,True,20
49210,True,68
38018,False,37
11782,False,60
94865,False,61
62452,False,30
40285,False,61
65812,False,36
4474,False,62
49392,False,22
95235,False,42
21272,False,57
93647,False,43
15207,False,28
2035,False,20
50886,False,68
62086,False,67
39322,False,58
43458,False,40
719,False,42
74671,False,32
86758,False,38
1057,False,65
71859,True,41
56083,True,26
18144,True,47
14964,False,56
54933,False,48
26449,False,23
42530,False,24
53390,False,37
78557,False,24
49040,False,47
13913,True,58
86863,False,59
28500,False,66
55385,False,41
8847,False,62
76140,False,58
74850,True,50
76304,False,43
84618,False,35
86061,False,49
42342,False,67
44285,False,37
76315,False,29
56066,False,35
41674,False,26
69488,False,39
13609,False,25
45628,False,38
38470,False,43
38189,True,41
35486,False,20
49366,False,54
13630,False,58
74390,False,62
15389,False,45
94662,False,58
23221,False,65
92400,False,30
26655,False,50
69081,False,28
83795,False,38
82133,False,35
55895,False,61
26909,False,42
46503,False,48
97163,False,48
19880,False,43
94416,False,30
9853,False,48
67049,False,36
16291,False,56
60492,False,67
47662,True,47
62961,False,66
50740,False,47
37199,False,31
39637,False,43
77309,False,62
82381,False,25
3588,False,60
70524,True,67
91386,True,52
60146,False,58
62508,False,50
25533,False,45
20173,False,31
71441,False,35
1084,False,36
86223,False,33
83274,False,37
81701,False,36
38724,False,39
43329,False,40
93235,False,37
96995,False,21
80827,False,40
11517,False,42
43948,False,36
56121,False,21
13212,False,46
54454,False,35
38146,True,26
80634,False,47
65308,False,63
79139,True,49
70548,False,50
20054,False,63
74027,False,52
45236,False,31
30376,False,25
61336,False,55
32167,False,42
97180,False,46
72218,False,65
25938,False,38
82026,False,39
16204,False,64
68019,False,59
34699,True,53
60448,False,20
53645,False,68
2604,False,32
86122,False,22
95137,False,26
65895,True,53
6510,False,58
23981,False,32
84373,False,30
9546,False,59
80912,False,37
42960,False,50
24801,True,22
67572,False,33
49153,False,43
13145,False,41
87423,False,29
2864,True,41
22676,False,44
71031,False,26
98083,False,42
93879,False,41
34191,False,36
95213,False,49
82797,False,26
3954,False,32
8967,False,33
63866,False,20
26769,True,26
78883,True,58
35208,True,37
29679,False,47
43182,False,55
52028,False,59
24131,False,68
80213,False,60
92722,False,49
51549,False,26
19532,False,53
36047,False,37
71995,False,28
26354,False,35
58327,False,27
95327,False,33
33784,True,48
34862,True,61
14158,False,54
48128,False,57
36750,False,58
75164,False,46
31807,False,48
38129,False,47
69364,True,52
44607,True,26
62585,False,32
43760,False,58
92208,False,28
69492,False,39
96803,False,24
67430,False,42
99348,False,42
63127,False,33
79434,False,32
62438,False,36
65525,False,30
29352,False,50
87555,False,59
83632,False,57
94461,True,66
88116,False,44
36008,False,30
99440,False,20
95152,False,67
95320,False,26
56802,False,56
13781,False,38
55269,False,59
961,False,43
21253,True,39
62322,False,34
82804,False,53
94641,False,54
12179,False,32
13468,False,22
60962,True,35
68089,False,67
55912,False,58
17295,False,36
11486,False,38
71316,True,24
8560,False,53
85247,True,59
41687,False,29
3214,False,47
75694,False,34
33176,False,40
72283,False,48
34341,False,23
86237,False,38
77465,False,29
41851,False,40
39214,False,29
33977,False,65
45233,False,29
73029,True,57
16899,False,42
69480,False,50
41576,False,21
67848,False,56
57501,True,28
35460,False,47
32081,True,46
99679,False,44
81083,False,28
29680,False,25
33189,False,22
43102,False,29
99931,False,69
49157,False,54
27776,False,32
7157,False,63
96602,False,21
75,False,38
25074,False,37
67963,True,20
8779,False,48
58786,False,33
17176,False,68
47900,False,29
67482,False,41
78418,False,53
94622,True,44
9504,False,68
32172,True,25
51597,False,54
79184,True,61
55052,False,25
56055,False,43
995,False,28
90692,False,64
76712,True,57
33906,False,36
44802,False,62
4504,False,61
63050,False,29
23000,False,66
68252,True,39
39383,False,29
81964,False,60
83259,False,43
73351,False,63
36835,False,21
28925,False,59
6233,True,57
18537,False,26
67705,False,65
91312,False,67
99384,False,54
90530,False,65
38475,False,37
94410,False,58
18216,False,31
34975,False,43
7533,False,40
79475,False,67
65091,False,31
87918,False,60
83042,False,24
85539,False,56
66788,False,63
56234,False,31
76275,False,33
38422,False,23
30281,False,67
96030,False,47
25489,False,45
59566,False,24
87382,False,67
23945,False,29
6790,False,45
71559,True,43
43308,False,41
27759,False,33
48460,False,23
97751,True,34
8419,False,42
63870,False,22
23233,False,27
68122,True,43
49533,False,29
87698,False,38
79417,False,27
61411,False,58
18701,False,63
95820,False,45
48945,False,69
65246,False,58
73276,False,31
14972,False,38
82737,False,40
27705,False,62
45195,False,23
11708,False,48
60023,False,48
88129,False,52
50300,False,25
41405,False,51
62254,False,33
8650,False,22
47415,False,42
30855,False,56
85397,False,24
58437,False,46
9600,False,27
36620,False,67
77504,False,31
69943,False,48
35317,False,41
86427,False,38
7664,False,45
68590,False,46
52490,False,35
13097,False,56
34373,False,65
11720,False,64
79137,True,46
52477,False,26
53274,False,27
54037,False,55
36238,False,34
91795,False,51
2330,False,66
99592,False,35
19209,False,60
58661,False,22
71666,False,45
88522,False,67
8347,False,59
34615,False,65
34363,False,31
53661,False,32
99668,False,45
76661,False,62
40822,False,30
91407,False,28
1437,False,64
56064,False,63
39182,False,22
77834,False,59
40002,False,58
41350,False,49
33805,False,42
30505,False,31
73528,False,69
37493,False,41
53396,False,33
63226,False,40
87589,False,39
36277,False,68
61845,True,55
43764,False,21
51787,False,49
27857,False,55
93881,False,22
59118,False,21
86329,False,39
2089,False,47
60844,False,59
71444,False,57
96177,False,42
78340,False,32
82069,False,58
17123,False,24
26712,True,51
9414,True,57
54237,False,46
10835,False,59
77833,False,27
87634,False,49
43670,False,38
36806,False,28
14873,False,40
53859,True,57
33302,False,33
76481,False,31
96052,False,25
45334,False,37
70633,False,34
2527,False,58
49434,False,27
13734,False,40
65682,False,55
77382,False,54
92775,True,57
33974,False,40
74912,True,59
96721,False,41
96336,False,48
80347,False,31
24051,False,31
22735,False,61
66327,False,61
64746,False,69
2170,False,41
50950,False,38
75699,False,43
47515,False,61
59822,False,67
82793,False,55
47276,True,26
61175,False,26
78990,False,23
18406,True,34
18155,False,31
32230,False,26
77450,False,42
56917,False,52
88624,False,61
67347,False,54
34972,False,46
62630,False,58
9005,False,61
82986,True,69
49729,False,37
54336,True,41
72453,True,37
87815,False,58
360,True,44
50815,False,47
24997,False,64
28830,False,66
20952,False,36
55562,False,54
88967,True,23
8449,True,35
93751,True,66
7132,False,50
97857,False,41
73521,False,39
96419,False,62
39618,False,54
64358,False,59
87782,False,62
2287,False,25
96901,False,47
55952,True,62
23392,False,48
22494,False,23
43870,False,67
93886,False,25
49536,False,26
23439,True,35
48432,False,27
46982,False,22
72462,True,31
20430,False,61
10288,False,24
45431,False,69
68872,False,69
6773,False,68
18348,False,36
33251,False,62
73366,False,22
38732,False,60
67194,False,59
15978,False,60
83370,False,68
24824,True,26
18496,False,46
24909,False,52
45523,False,66
16540,False,49
40927,False,37
70781,False,64
32606,False,46
30987,False,46
18775,False,40
20103,False,67
90205,False,47
29621,False,47
14401,False,37
2869,False,54
19237,False,22
33136,False,57
2201,False,38
57912,False,23
37123,False,45
92131,False,65
37073,False,24
41785,False,23
12338,False,39
53068,False,45
17717,False,27
7010,False,20
64144,False,32
9637,True,20
49775,False,52
62283,False,30
88130,False,46
11178,False,47
33562,False,67
95093,False,64
50093,False,50
43300,False,43
21165,False,39
31699,False,30
60495,True,29
35646,False,42
2573,False,33
5326,False,66
87288,False,29
36350,False,58
9108,False,62
55429,False,58
35195,False,56
73401,False,46
49419,False,36
61992,False,26
53228,True,31
98900,False,29
94805,True,26
78598,False,20
14131,False,32
88090,False,65
90883,False,60
64898,True,69
24088,False,62
12162,False,57
51936,False,41
56112,False,50
90696,False,42
3635,False,62
53225,True,35
39844,False,66
87972,False,27
8145,False,63
60005,False,37
39917,False,50
34263,True,27
24489,False,31
56378,False,45
94297,True,26
54871,False,65
53328,False,27
31403,False,23
43461,False,68
79769,False,60
52870,False,24
13538,True,33
63223,False,24
2816,False,35
7903,False,50
6498,True,25
63685,False,58
83846,False,25
63924,False,56
50916,False,33
92038,True,46
991,False,69
24622,False,43
31361,False,45
64080,False,24
87780,True,35
49372,True,57
79275,False,21
84841,True,54
75544,False,34
61144,False,50
76078,True,68
29501,True,39
1678,False,22
90652,True,51
79784,False,47
5502,False,25
17267,False,51
15774,False,39
67431,False,30
43797,False,22
63791,True,34
12792,False,49
23645,True,49
55410,True,42
34817,False,27
85925,False,51
52154,False,35
70579,False,51
78126,False,63
92408,False,34
41194,False,30
98607,False,27
73445,False,29
64926,False,55
91373,False,54
65972,True,38
68551,False,59
17626,False,49
3652,False,39
14969,False,25
39935,False,35
85695,True,51
20386,False,58
52474,False,52
5810,False,29
50152,False,55
90303,False,23
87928,False,37
57260,False,35
92607,False,51
32376,False,61
56861,False,26
35126,False,67
82337,False,24
65323,False,36
36606,False,67
3932,False,35
20012,False,20
34198,False,55
81449,False,27
15933,False,58
44011,False,67
89080,False,52
70875,True,25
73751,False,58
7454,False,50
22489,False,58
87320,True,33
91556,False,28
20884,False,30
33331,False,27
44871,False,65
48820,False,45
17232,False,61
89594,False,23
60296,False,29
37031,False,25
25160,False,56
18300,False,54
76826,True,65
52373,True,36
93718,False,63
13688,True,66
3553,False,21
68348,False,69
91289,False,38
40643,True,22
88275,False,59
75601,False,50
24896,False,54
45964,False,47
38348,False,55
44620,False,25
51958,False,22
9450,False,34
93617,False,31
54422,False,38
61851,False,31
20873,False,55
53774,True,50
27470,False,40
19411,False,29
61579,False,50
61221,True,64
29863,False,46
78499,False,36
